insert into SEXO (NOMBRE) values ('FEMENINO');
insert into SEXO (NOMBRE) values ('MASCULINO');

insert into FORMSUNARP (NRO_PROPIEDADES, NRO_VEHICULOS, OBSERVACIONES) values (3, 2, 'Ninguna');
insert into FORMSUNARP (NRO_PROPIEDADES, NRO_VEHICULOS, OBSERVACIONES) values (3, 1, 'Ninguna');
insert into FORMSUNARP (NRO_PROPIEDADES, NRO_VEHICULOS, OBSERVACIONES) values (3, 2, 'Ninguna');
insert into FORMSUNARP (NRO_PROPIEDADES, NRO_VEHICULOS, OBSERVACIONES) values (3, 2, 'Ninguna');
insert into FORMSUNARP (NRO_PROPIEDADES, NRO_VEHICULOS, OBSERVACIONES) values (1, 2, 'Ninguna');
insert into FORMSUNARP (NRO_PROPIEDADES, NRO_VEHICULOS, OBSERVACIONES) values (1, 3, 'Ninguna');
insert into FORMSUNARP (NRO_PROPIEDADES, NRO_VEHICULOS, OBSERVACIONES) values (3, 1, 'Ninguna');
insert into FORMSUNARP (NRO_PROPIEDADES, NRO_VEHICULOS, OBSERVACIONES) values (3, 3, 'Ninguna');
insert into FORMSUNARP (NRO_PROPIEDADES, NRO_VEHICULOS, OBSERVACIONES) values (3, 3, 'Ninguna');
insert into FORMSUNARP (NRO_PROPIEDADES, NRO_VEHICULOS, OBSERVACIONES) values (2, 2, 'Ninguna');

insert into FORMMINTRABAJO (NOMBRE_LUGAR_TRABAJO, RUC_LUGAR_TRABAJO, MONTO_INGRESO, OBSERVACIONES) values ('Mycat', 17310202794, 2000, 'Diverse directional migration');
insert into FORMMINTRABAJO (NOMBRE_LUGAR_TRABAJO, RUC_LUGAR_TRABAJO, MONTO_INGRESO, OBSERVACIONES) values ('Wordtune', 72777002223, 1050, 'Realigned mission-critical open system');
insert into FORMMINTRABAJO (NOMBRE_LUGAR_TRABAJO, RUC_LUGAR_TRABAJO, MONTO_INGRESO, OBSERVACIONES) values ('Aibox', 93931655275, 3000, 'Multi-tiered actuating open architecture');
insert into FORMMINTRABAJO (NOMBRE_LUGAR_TRABAJO, RUC_LUGAR_TRABAJO, MONTO_INGRESO, OBSERVACIONES) values ('Zazio', 41691594935, 1500, 'User-friendly neutral knowledge user');
insert into FORMMINTRABAJO (NOMBRE_LUGAR_TRABAJO, RUC_LUGAR_TRABAJO, MONTO_INGRESO, OBSERVACIONES) values ('Twinder', 13759457830, 4000, 'Persistent zero administration superstructure');
insert into FORMMINTRABAJO (NOMBRE_LUGAR_TRABAJO, RUC_LUGAR_TRABAJO, MONTO_INGRESO, OBSERVACIONES) values ('Twitternation', 78372924038, 1050, 'Extended radical parallelism');
insert into FORMMINTRABAJO (NOMBRE_LUGAR_TRABAJO, RUC_LUGAR_TRABAJO, MONTO_INGRESO, OBSERVACIONES) values ('Tavu', 22079222798, 4020, 'Public-key maximized application');
insert into FORMMINTRABAJO (NOMBRE_LUGAR_TRABAJO, RUC_LUGAR_TRABAJO, MONTO_INGRESO, OBSERVACIONES) values ('Yamia', 55531555200, 1050, 'Implemented asynchronous extranet');
insert into FORMMINTRABAJO (NOMBRE_LUGAR_TRABAJO, RUC_LUGAR_TRABAJO, MONTO_INGRESO, OBSERVACIONES) values ('BlogXS', 44533537279, 6000, 'Phased content-based access');
insert into FORMMINTRABAJO (NOMBRE_LUGAR_TRABAJO, RUC_LUGAR_TRABAJO, MONTO_INGRESO, OBSERVACIONES) values ('Yadel', 62622112673, 1050, 'Universal exuding infrastructure');

insert into SECRETARIOJUDICIAL (DNI, NOMBRES, APELLIDOS, NRO_COLEGIATURA, SEXO_ID) values (78394892, 'Dona', 'Prangnell', 0001, 1);
insert into SECRETARIOJUDICIAL (DNI, NOMBRES, APELLIDOS, NRO_COLEGIATURA, SEXO_ID) values (67649336, 'Nedda', 'Gunner', 0002, 1);
insert into SECRETARIOJUDICIAL (DNI, NOMBRES, APELLIDOS, NRO_COLEGIATURA, SEXO_ID) values (55753259, 'Edsel', 'Authers', 0003, 1);
insert into SECRETARIOJUDICIAL (DNI, NOMBRES, APELLIDOS, NRO_COLEGIATURA, SEXO_ID) values (75554558, 'Prentice', 'Soggee', 0004, 1);
insert into SECRETARIOJUDICIAL (DNI, NOMBRES, APELLIDOS, NRO_COLEGIATURA, SEXO_ID) values (66274222, 'Cristen', 'Taill', 0005, 2);

insert into JUZGADOPAZLETRADO (DIRECCION) values ('Av. Javier Prado 3030, San Borja, Lima, Lima');
insert into JUZGADOPAZLETRADO (DIRECCION) values ('Av. Manuel Holguin 2945, San Borja, Lima, Lima');
insert into JUZGADOPAZLETRADO (DIRECCION) values ('Av. Aviacion 6762, San Borja, Lima, Lima');

insert into ESTADOCIVIL (NOMBRE) values ('SOLTERO');
insert into ESTADOCIVIL (NOMBRE) values ('CASADO');
insert into ESTADOCIVIL (NOMBRE) values ('VIUDO');
insert into ESTADOCIVIL (NOMBRE) values ('DIVORCIADO');

insert into GRADOINSTRUCCION (NOMBRE) values ('EDUCACION INICIAL');
insert into GRADOINSTRUCCION (NOMBRE) values ('EDUCACION PRIMARIA');
insert into GRADOINSTRUCCION (NOMBRE) values ('EDUCACION SECUNDARIA');
insert into GRADOINSTRUCCION (NOMBRE) values ('EDUCACION SUPERIOR');

insert into TIPODEMANDA (NOMBRE) values ('FILIACION');
insert into TIPODEMANDA (NOMBRE) values ('ALIMENTOS');
insert into TIPODEMANDA (NOMBRE) values ('EJECUCION DE ACTAS DE CONCILIACION');
insert into TIPODEMANDA (NOMBRE) values ('VIOLENCIA CONTRA LA MUJER E INTEGRANTES DEL GRUPO FAMILIAR');
insert into TIPODEMANDA (NOMBRE) values ('OBLIGACION DE DAR SUMA DE DINERO');
insert into TIPODEMANDA (NOMBRE) values ('SUCESION INTESTADA');
insert into TIPODEMANDA (NOMBRE) values ('RECTIFICACION DE PARTIDA');
insert into TIPODEMANDA (NOMBRE) values ('PROCESOS DE OBLIGACION DE DAR SUMA DE DINERO (AFP)');
insert into TIPODEMANDA (NOMBRE) values ('FALTAS CONTRA LA PERSONA');
insert into TIPODEMANDA (NOMBRE) values ('FALTAS CONTRA EL PATRIMONIO');
insert into TIPODEMANDA (NOMBRE) values ('FALTAS CONTRA LA TRANQUILIDAD PUBLICA');

insert into ESTADODEMANDA (NOMBRE) values ('FINALIZADO');
insert into ESTADODEMANDA (NOMBRE) values ('NO FINALIZADO');

insert into ABOGADO (DNI, NOMBRES, APELLIDOS, NRO_COLEGIATURA, SEXO_ID) values (55797362, 'Odille', 'Ould', 0006, 1);
insert into ABOGADO (DNI, NOMBRES, APELLIDOS, NRO_COLEGIATURA, SEXO_ID) values (35554252, 'Kinny', 'Bartlam', 0007, 2);
insert into ABOGADO (DNI, NOMBRES, APELLIDOS, NRO_COLEGIATURA, SEXO_ID) values (43474477, 'Temple', 'Caneo', 0008, 2);
insert into ABOGADO (DNI, NOMBRES, APELLIDOS, NRO_COLEGIATURA, SEXO_ID) values (65325354, 'Carver', 'Jennemann', 0009, 2);
insert into ABOGADO (DNI, NOMBRES, APELLIDOS, NRO_COLEGIATURA, SEXO_ID) values (38592639, 'Jermaine', 'Tate', 0010, 2);
insert into ABOGADO (DNI, NOMBRES, APELLIDOS, NRO_COLEGIATURA, SEXO_ID) values (32436343, 'Mitzi', 'Collecott', 0011, 2);
insert into ABOGADO (DNI, NOMBRES, APELLIDOS, NRO_COLEGIATURA, SEXO_ID) values (45959437, 'Newton', 'Batty', 0012, 1);
insert into ABOGADO (DNI, NOMBRES, APELLIDOS, NRO_COLEGIATURA, SEXO_ID) values (25499233, 'Judith', 'Armand', 0013, 2);
insert into ABOGADO (DNI, NOMBRES, APELLIDOS, NRO_COLEGIATURA, SEXO_ID) values (77229258, 'Alon', 'Enrigo', 0014, 1);
insert into ABOGADO (DNI, NOMBRES, APELLIDOS, NRO_COLEGIATURA, SEXO_ID) values (49797535, 'Steve', 'Koschek', 0015, 1);

insert into JUEZ (DNI, NOMBRES, APELLIDOS, NRO_COLEGIATURA, USUARIO, CONTRASENA, JUZGADO_ID, SEXO_ID) values (38752778, 'Yetty', 'Teck', 0016, 'YTeck', 'YTeck', 2, 1);
insert into JUEZ (DNI, NOMBRES, APELLIDOS, NRO_COLEGIATURA, USUARIO, CONTRASENA, JUZGADO_ID, SEXO_ID) values (34853727, 'Jarad', 'Codrington', 0017, 'JCodrington', 'JCodrington', 1, 1);
insert into JUEZ (DNI, NOMBRES, APELLIDOS, NRO_COLEGIATURA, USUARIO, CONTRASENA, JUZGADO_ID, SEXO_ID) values (44833942, 'Lilian', 'Chattey', 0018, 'LChattey', 'LChattey', 1, 1);
insert into JUEZ (DNI, NOMBRES, APELLIDOS, NRO_COLEGIATURA, USUARIO, CONTRASENA, JUZGADO_ID, SEXO_ID) values (63476939, 'Lucky', 'Bampford', 0019, 'LBampford', 'LBampford', 2, 2);
insert into JUEZ (DNI, NOMBRES, APELLIDOS, NRO_COLEGIATURA, USUARIO, CONTRASENA, JUZGADO_ID, SEXO_ID) values (39329348, 'Napoleon', 'Meldon', 0020, 'NMeldon', 'NMeldon', 2, 1);

insert into FORMRENIEC (DNI, NOMBRES, APELLIDOS, DIRECCION, ESTADOCIVIL_ID, GRADOINSTRUCCION_ID, SEXO_ID) values (29909077, 'Wilow', 'Filipowicz', '421 Lotheville Point', 2, 4, 2);
insert into FORMRENIEC (DNI, NOMBRES, APELLIDOS, DIRECCION, ESTADOCIVIL_ID, GRADOINSTRUCCION_ID, SEXO_ID) values (79728897, 'Bonnie', 'Garfit', '90648 Blue Bill Park Center', 2, 1, 2);
insert into FORMRENIEC (DNI, NOMBRES, APELLIDOS, DIRECCION, ESTADOCIVIL_ID, GRADOINSTRUCCION_ID, SEXO_ID) values (15891548, 'Schuyler', 'Bosworth', '79 Buhler Court', 2, 3, 2);
insert into FORMRENIEC (DNI, NOMBRES, APELLIDOS, DIRECCION, ESTADOCIVIL_ID, GRADOINSTRUCCION_ID, SEXO_ID) values (32553794, 'Horst', 'Grima', '366 Laurel Way', 3, 4, 1);
insert into FORMRENIEC (DNI, NOMBRES, APELLIDOS, DIRECCION, ESTADOCIVIL_ID, GRADOINSTRUCCION_ID, SEXO_ID) values (12908086, 'Tomas', 'Dummigan', '44 Barby Place', 1, 2, 1);
insert into FORMRENIEC (DNI, NOMBRES, APELLIDOS, DIRECCION, ESTADOCIVIL_ID, GRADOINSTRUCCION_ID, SEXO_ID) values (97329197, 'Dion', 'Bengough', '52 Dahle Park', 3, 1, 2);
insert into FORMRENIEC (DNI, NOMBRES, APELLIDOS, DIRECCION, ESTADOCIVIL_ID, GRADOINSTRUCCION_ID, SEXO_ID) values (62242600, 'Lewes', 'Piggins', '271 Warner Park', 2, 4, 1);
insert into FORMRENIEC (DNI, NOMBRES, APELLIDOS, DIRECCION, ESTADOCIVIL_ID, GRADOINSTRUCCION_ID, SEXO_ID) values (98785140, 'Griffy', 'Liddy', '99 Sherman Alley', 1, 2, 2);
insert into FORMRENIEC (DNI, NOMBRES, APELLIDOS, DIRECCION, ESTADOCIVIL_ID, GRADOINSTRUCCION_ID, SEXO_ID) values (19365900, 'Christalle', 'Sterre', '619 Lunder Park', 2, 3, 2);
insert into FORMRENIEC (DNI, NOMBRES, APELLIDOS, DIRECCION, ESTADOCIVIL_ID, GRADOINSTRUCCION_ID, SEXO_ID) values (31989683, 'Miguelita', 'Jaycocks', '413 Superior Place', 4, 1, 1);

insert into EXPEDIENTE (NRO_EXPEDIENTE, OBSERVACIONES, FORMRENIEC_ID, FORMSUNARP_ID, FORMMINTRABAJO_ID, SECRETARIOJUDICIAL_ID) values ('00001-2020-1-0001-AB-CD-01', 'Este es un expediente', 1, 1, 1, 2);
insert into EXPEDIENTE (NRO_EXPEDIENTE, OBSERVACIONES, FORMRENIEC_ID, FORMSUNARP_ID, FORMMINTRABAJO_ID, SECRETARIOJUDICIAL_ID) values ('00002-2021-3-0002-CD-EF-02', 'Este es un expediente', 2, 2, 2, 1);
insert into EXPEDIENTE (NRO_EXPEDIENTE, OBSERVACIONES, FORMRENIEC_ID, FORMSUNARP_ID, FORMMINTRABAJO_ID, SECRETARIOJUDICIAL_ID) values ('00003-2022-2-0003-GH-IJ-03', 'Este es un expediente', 3, 3, 3, 2);
insert into EXPEDIENTE (NRO_EXPEDIENTE, OBSERVACIONES, FORMRENIEC_ID, FORMSUNARP_ID, FORMMINTRABAJO_ID, SECRETARIOJUDICIAL_ID) values ('00004-2016-3-0004-KL-MN-04', 'Este es un expediente', 4, 4, 4, 1);
insert into EXPEDIENTE (NRO_EXPEDIENTE, OBSERVACIONES, FORMRENIEC_ID, FORMSUNARP_ID, FORMMINTRABAJO_ID, SECRETARIOJUDICIAL_ID) values ('00005-2017-4-0005-OP-QR-05', 'Este es un expediente', 5, 5, 5, 2);
insert into EXPEDIENTE (NRO_EXPEDIENTE, OBSERVACIONES, FORMRENIEC_ID, FORMSUNARP_ID, FORMMINTRABAJO_ID, SECRETARIOJUDICIAL_ID) values ('00006-2018-4-0006-ST-UV-06', 'Este es un expediente', 6, 6, 6, 2);
insert into EXPEDIENTE (NRO_EXPEDIENTE, OBSERVACIONES, FORMRENIEC_ID, FORMSUNARP_ID, FORMMINTRABAJO_ID, SECRETARIOJUDICIAL_ID) values ('00007-2019-1-0007-WX-YZ-07', 'Este es un expediente', 7, 7, 7, 3);
insert into EXPEDIENTE (NRO_EXPEDIENTE, OBSERVACIONES, FORMRENIEC_ID, FORMSUNARP_ID, FORMMINTRABAJO_ID, SECRETARIOJUDICIAL_ID) values ('00008-2015-2-0008-YZ-WX-08', 'Este es un expediente', 8, 8, 8, 1);
insert into EXPEDIENTE (NRO_EXPEDIENTE, OBSERVACIONES, FORMRENIEC_ID, FORMSUNARP_ID, FORMMINTRABAJO_ID, SECRETARIOJUDICIAL_ID) values ('00009-2022-3-0009-UV-ST-09', 'Este es un expediente', 9, 9, 9, 3);

insert into DEMANDADO (DNI, NOMBRES, APELLIDOS, DIRECCION, EXPEDIENTE_ID, SEXO_ID) values (29909077, 'Wilow', 'Filipowicz', '421 Lotheville Point', 2, 2);
insert into DEMANDADO (DNI, NOMBRES, APELLIDOS, DIRECCION, EXPEDIENTE_ID, SEXO_ID) values (79728897, 'Bonnie', 'Garfit', '90648 Blue Bill Park Center', 1, 2);
insert into DEMANDADO (DNI, NOMBRES, APELLIDOS, DIRECCION, EXPEDIENTE_ID, SEXO_ID) values (15891548, 'Schuyler', 'Bosworth', '79 Buhler Court', 1, 2);
insert into DEMANDADO (DNI, NOMBRES, APELLIDOS, DIRECCION, EXPEDIENTE_ID, SEXO_ID) values (32553794, 'Horst', 'Grima', '366 Laurel Way', 2, 1);
insert into DEMANDADO (DNI, NOMBRES, APELLIDOS, DIRECCION, EXPEDIENTE_ID, SEXO_ID) values (12908086, 'Tomas', 'Dummigan', '44 Barby Place', 2, 1);

insert into DEMANDANTE (DNI, NOMBRES, APELLIDOS, DIRECCION, EXPEDIENTE_ID, SEXO_ID) values (97329197, 'Dion', 'Bengough', '52 Dahle Park', 1, 2);
insert into DEMANDANTE (DNI, NOMBRES, APELLIDOS, DIRECCION, EXPEDIENTE_ID, SEXO_ID) values (62242600, 'Lewes', 'Piggins', '271 Warner Park', 1, 1);
insert into DEMANDANTE (DNI, NOMBRES, APELLIDOS, DIRECCION, EXPEDIENTE_ID, SEXO_ID) values (98785140, 'Griffy', 'Liddy', '99 Sherman Alley', 2, 2);
insert into DEMANDANTE (DNI, NOMBRES, APELLIDOS, DIRECCION, EXPEDIENTE_ID, SEXO_ID) values (19365900, 'Christalle', 'Sterre', '619 Lunder Park', 1, 2);
insert into DEMANDANTE (DNI, NOMBRES, APELLIDOS, DIRECCION, EXPEDIENTE_ID, SEXO_ID) values (31989683, 'Miguelita', 'Jaycocks', '413 Superior Place', 1, 1);

insert into DEMANDA (DESCRIPCION, NRO_SOLICITUD, FECHA_EMISION, JUEZ_ID, DEMANDANTE_ID, DEMANDADO_ID, DEMANDANTE_ABOGADO_ID, DEMANDADO_ABOGADO_ID, TIPODEMANDA_ID, ESTADODEMANDA_ID) values ('Esta es una demanda', 46372, to_date('26-07-2022', 'dd-mm-yyyy'), 1, 1, 1, 1, 2, 2, 1);
insert into DEMANDA (DESCRIPCION, NRO_SOLICITUD, FECHA_EMISION, JUEZ_ID, DEMANDANTE_ID, DEMANDADO_ID, DEMANDANTE_ABOGADO_ID, DEMANDADO_ABOGADO_ID, TIPODEMANDA_ID, ESTADODEMANDA_ID) values ('Esta es una demanda', 46373, to_date('17-03-2021', 'dd-mm-yyyy'), 2, 2, 2, 2, 1, 2, 2);
insert into DEMANDA (DESCRIPCION, NRO_SOLICITUD, FECHA_EMISION, JUEZ_ID, DEMANDANTE_ID, DEMANDADO_ID, DEMANDANTE_ABOGADO_ID, DEMANDADO_ABOGADO_ID, TIPODEMANDA_ID, ESTADODEMANDA_ID) values ('Esta es una demanda', 46374, to_date('10-04-2022', 'dd-mm-yyyy'), 3, 3, 3, 3, 1, 2, 1);
